[
  {
    "fecha": "2025-04-21",
    "titulo": "Bacon en tiras Nuestra Alacena de Dia bandeja 2 x 100 g",
    "precio": "1.84 ",
    "precio_kilo": "9.20 ",
    "imagen": "/product_images/273750/273750_ISO_0_ES.jpg?imwidth=176",
    "enlace": "https://www.dia.es/charcuteria-y-quesos/jamon-cocido-lacon-fiambres-y-mortadela/p/273750"
  },
  {
    "fecha": "2025-04-21",
    "titulo": "Jamón cocido extra Nuestra Alacena de Dia sobre 2 x 225 g",
    "precio": "3.19 ",
    "precio_kilo": "7.09 ",
    "imagen": "/product_images/273957/273957_ISO_0_ES.jpg?imwidth=176",
    "enlace": "https://www.dia.es/charcuteria-y-quesos/jamon-cocido-lacon-fiambres-y-mortadela/p/273957"
  },
  {
    "fecha": "2025-04-21",
    "titulo": "Pechuga de pavo Nuestra Alacena de Dia sobre 2 x 200 g",
    "precio": "3.55 ",
    "precio_kilo": "8.88 ",
    "imagen": "/product_images/273810/273810_ISO_0_ES.jpg?imwidth=176",
    "enlace": "https://www.dia.es/charcuteria-y-quesos/jamon-cocido-lacon-fiambres-y-mortadela/p/273810"
  },
  {
    "fecha": "2025-04-21",
    "titulo": "Jamón cocido extra 97% carne Nuestra Alacena de Dia sobre 150 g",
    "precio": "1.99 ",
    "precio_kilo": "13.27 ",
    "imagen": "/product_images/273737/273737_ISO_0_ES.jpg?imwidth=176",
    "enlace": "https://www.dia.es/charcuteria-y-quesos/jamon-cocido-lacon-fiambres-y-mortadela/p/273737"
  },
  {
    "fecha": "2025-04-21",
    "titulo": "Bacon en lonchas Nuestra Alacena de Dia sobre 200 g",
    "precio": "2.15 ",
    "precio_kilo": "10.75 ",
    "imagen": "/product_images/273749/273749_ISO_0_ES.jpg?imwidth=176",
    "enlace": "https://www.dia.es/charcuteria-y-quesos/jamon-cocido-lacon-fiambres-y-mortadela/p/273749"
  },
  {
    "fecha": "2025-04-21",
    "titulo": "Mortadela Nuestra Alacena de Dia sobre 250 g",
    "precio": "1.25 ",
    "precio_kilo": "5.00 ",
    "imagen": "/product_images/273960/273960_ISO_0_ES.jpg?imwidth=176",
    "enlace": "https://www.dia.es/charcuteria-y-quesos/jamon-cocido-lacon-fiambres-y-mortadela/p/273960"
  },
  {
    "fecha": "2025-04-21",
    "titulo": "Jamón cocido extra Elpozo 1954 sobre 150 g",
    "precio": "2.00 ",
    "precio_kilo": "13.33 ",
    "imagen": "/product_images/146710/146710_ISO_0_ES.jpg?imwidth=176",
    "enlace": "https://www.dia.es/charcuteria-y-quesos/jamon-cocido-lacon-fiambres-y-mortadela/p/146710"
  },
  {
    "fecha": "2025-04-21",
    "titulo": "Jamón cocido extra Nuestra Alacena de Dia sobre 200 g",
    "precio": "2.05 ",
    "precio_kilo": "10.25 ",
    "imagen": "/product_images/298528/298528_ISO_0_ES.jpg?imwidth=176",
    "enlace": "https://www.dia.es/charcuteria-y-quesos/jamon-cocido-lacon-fiambres-y-mortadela/p/298528"
  },
  {
    "fecha": "2025-04-21",
    "titulo": "Mortadela con aceitunas Nuestra Alacena de Dia sobre 250 g",
    "precio": "1.25 ",
    "precio_kilo": "5.00 ",
    "imagen": "/product_images/273961/273961_ISO_0_ES.jpg?imwidth=176",
    "enlace": "https://www.dia.es/charcuteria-y-quesos/jamon-cocido-lacon-fiambres-y-mortadela/p/273961"
  },
  {
    "fecha": "2025-04-21",
    "titulo": "Lacón ahumado Nuestra Alacena de Dia sobre 150 g",
    "precio": "1.79 ",
    "precio_kilo": "11.93 ",
    "imagen": "/product_images/303491/303491_ISO_0_ES.jpg?imwidth=176",
    "enlace": "https://www.dia.es/charcuteria-y-quesos/jamon-cocido-lacon-fiambres-y-mortadela/p/303491"
  },
  {
    "fecha": "2025-04-21",
    "titulo": "Pechuga de pavo Elpozo sobre 80 g",
    "precio": "1.00 ",
    "precio_kilo": "12.50 ",
    "imagen": "/product_images/302289/302289_ISO_0_ES.jpg?imwidth=176",
    "enlace": "https://www.dia.es/charcuteria-y-quesos/jamon-cocido-lacon-fiambres-y-mortadela/p/302289"
  },
  {
    "fecha": "2025-04-21",
    "titulo": "Pechuga de pollo braseado Nuestra Alacena de Dia sobre 200 g",
    "precio": "2.20 ",
    "precio_kilo": "11.00 ",
    "imagen": "/product_images/274101/274101_ISO_0_ES.jpg?imwidth=176",
    "enlace": "https://www.dia.es/charcuteria-y-quesos/jamon-cocido-lacon-fiambres-y-mortadela/p/274101"
  },
  {
    "fecha": "2025-04-21",
    "titulo": "Jamón de pavo finas lonchas Nuestra Alacena de Dia sobre 180 g",
    "precio": "1.59 ",
    "precio_kilo": "8.83 ",
    "imagen": "/product_images/303613/303613_ISO_0_ES.jpg?imwidth=176",
    "enlace": "https://www.dia.es/charcuteria-y-quesos/jamon-cocido-lacon-fiambres-y-mortadela/p/303613"
  },
  {
    "fecha": "2025-04-21",
    "titulo": "Jamón cocido Elpozo sobre 80 g",
    "precio": "1.00 ",
    "precio_kilo": "12.50 ",
    "imagen": "/product_images/298369/298369_ISO_0_ES.jpg?imwidth=176",
    "enlace": "https://www.dia.es/charcuteria-y-quesos/jamon-cocido-lacon-fiambres-y-mortadela/p/298369"
  },
  {
    "fecha": "2025-04-21",
    "titulo": "Pechuga de pavo bajo en sal Nuestra Alacena de Dia sobre 200 g",
    "precio": "1.96 ",
    "precio_kilo": "9.80 ",
    "imagen": "/product_images/273731/273731_ISO_0_ES.jpg?imwidth=176",
    "enlace": "https://www.dia.es/charcuteria-y-quesos/jamon-cocido-lacon-fiambres-y-mortadela/p/273731"
  },
  {
    "fecha": "2025-04-21",
    "titulo": "Pechuga de pavo 92% carne Nuestra Alacena de Dia sobre 120 g",
    "precio": "2.29 ",
    "precio_kilo": "19.08 ",
    "imagen": "/product_images/273965/273965_ISO_0_ES.jpg?imwidth=176",
    "enlace": "https://www.dia.es/charcuteria-y-quesos/jamon-cocido-lacon-fiambres-y-mortadela/p/273965"
  },
  {
    "fecha": "2025-04-21",
    "titulo": "Pechuga de pavo braseado Campofrío sobre 75 g",
    "precio": "1.00 ",
    "precio_kilo": "13.33 ",
    "imagen": "/product_images/300740/300740_ISO_0_ES.jpg?imwidth=176",
    "enlace": "https://www.dia.es/charcuteria-y-quesos/jamon-cocido-lacon-fiambres-y-mortadela/p/300740"
  },
  {
    "fecha": "2025-04-21",
    "titulo": "Fiambre maxi york Nuestra Alacena de Dia sobre 350 g",
    "precio": "1.89 ",
    "precio_kilo": "5.40 ",
    "imagen": "/product_images/305313/305313_ISO_0_ES.jpg?imwidth=176",
    "enlace": "https://www.dia.es/charcuteria-y-quesos/jamon-cocido-lacon-fiambres-y-mortadela/p/305313"
  },
  {
    "fecha": "2025-04-21",
    "titulo": "Cabeza de jabalí Nuestra Alacena de Dia sobre 150 g",
    "precio": "1.75 ",
    "precio_kilo": "11.67 ",
    "imagen": "/product_images/300354/300354_ISO_0_ES.jpg?imwidth=176",
    "enlace": "https://www.dia.es/charcuteria-y-quesos/jamon-cocido-lacon-fiambres-y-mortadela/p/300354"
  },
  {
    "fecha": "2025-04-21",
    "titulo": "Guanciale Selección Mundial de Dia bandeja 100 g",
    "precio": "2.19 ",
    "precio_kilo": "21.90 ",
    "imagen": "/product_images/302663/302663_ISO_0_ES.jpg?imwidth=176",
    "enlace": "https://www.dia.es/charcuteria-y-quesos/jamon-cocido-lacon-fiambres-y-mortadela/p/302663"
  },
  {
    "fecha": "2025-04-21",
    "titulo": "Chopped pork Nuestra Alacena de Dia sobre 250 g",
    "precio": "1.39 ",
    "precio_kilo": "5.56 ",
    "imagen": "/product_images/273959/273959_ISO_0_ES.jpg?imwidth=176",
    "enlace": "https://www.dia.es/charcuteria-y-quesos/jamon-cocido-lacon-fiambres-y-mortadela/p/273959"
  },
  {
    "fecha": "2025-04-21",
    "titulo": "Mortadela Bologna I.G.P. Selección Mundial de Dia sobre 150 g",
    "precio": "1.99 ",
    "precio_kilo": "13.27 ",
    "imagen": "/product_images/273756/273756_ISO_0_ES.jpg?imwidth=176",
    "enlace": "https://www.dia.es/charcuteria-y-quesos/jamon-cocido-lacon-fiambres-y-mortadela/p/273756"
  },
  {
    "fecha": "2025-04-21",
    "titulo": "Pavo maxi Nuestra Alacena de Dia 900 g + 100 g",
    "precio": "2.99 ",
    "precio_kilo": "3.32 ",
    "imagen": "/product_images/273954/273954_ISO_0_ES.jpg?imwidth=176",
    "enlace": "https://www.dia.es/charcuteria-y-quesos/jamon-cocido-lacon-fiambres-y-mortadela/p/273954"
  },
  {
    "fecha": "2025-04-21",
    "titulo": "Fiambre de pavo sándwich Elpozo bandeja 270 + 30 g",
    "precio": "2.00 ",
    "precio_kilo": "7.41 ",
    "imagen": "/product_images/178002/178002_ISO_0_ES.jpg?imwidth=176",
    "enlace": "https://www.dia.es/charcuteria-y-quesos/jamon-cocido-lacon-fiambres-y-mortadela/p/178002"
  },
  {
    "fecha": "2025-04-21",
    "titulo": "Pechuguitas de pollo asada La carloteña bandeja 100 g",
    "precio": "2.15 ",
    "precio_kilo": "21.50 ",
    "imagen": "/product_images/182582/182582_ISO_0_ES.jpg?imwidth=176",
    "enlace": "https://www.dia.es/charcuteria-y-quesos/jamon-cocido-lacon-fiambres-y-mortadela/p/182582"
  },
  {
    "fecha": "2025-04-21",
    "titulo": "Fiambre de york Elpozo sobre 300 g",
    "precio": "2.00 ",
    "precio_kilo": "6.67 ",
    "imagen": "/product_images/137167/137167_ISO_0_ES.jpg?imwidth=176",
    "enlace": "https://www.dia.es/charcuteria-y-quesos/jamon-cocido-lacon-fiambres-y-mortadela/p/137167"
  },
  {
    "fecha": "2025-04-21",
    "titulo": "Mortadela Siciliana Elpozo sobre 100 g",
    "precio": "1.00 ",
    "precio_kilo": "10.00 ",
    "imagen": "/product_images/306348/306348_ISO_0_ES.jpg?imwidth=176",
    "enlace": "https://www.dia.es/charcuteria-y-quesos/jamon-cocido-lacon-fiambres-y-mortadela/p/306348"
  },
  {
    "fecha": "2025-04-21",
    "titulo": "Pechuga de pavo 92% carne Elpozo 1954 sobre 130 g",
    "precio": "2.00 ",
    "precio_kilo": "15.38 ",
    "imagen": "/product_images/306540/306540_ISO_0_ES.jpg?imwidth=176",
    "enlace": "https://www.dia.es/charcuteria-y-quesos/jamon-cocido-lacon-fiambres-y-mortadela/p/306540"
  },
  {
    "fecha": "2025-04-21",
    "titulo": "Pechuga de pavo bajo en grasa y reducido en sal Nuestra Alacena de Dia 500 g",
    "precio": "4.15 ",
    "precio_kilo": "8.30 ",
    "imagen": "/product_images/300613/300613_ISO_0_ES.jpg?imwidth=176",
    "enlace": "https://www.dia.es/charcuteria-y-quesos/jamon-cocido-lacon-fiambres-y-mortadela/p/300613"
  },
  {
    "fecha": "2025-04-21",
    "titulo": "Jamón de pavo con trufa y boletus Elpozo sobre 120 + 20 g",
    "precio": "2.00 ",
    "precio_kilo": "16.67 ",
    "imagen": "/product_images/255685/255685_ISO_0_ES.jpg?imwidth=176",
    "enlace": "https://www.dia.es/charcuteria-y-quesos/jamon-cocido-lacon-fiambres-y-mortadela/p/255685"
  },
  {
    "fecha": "2025-04-21",
    "titulo": "Jamón cocido extra bajo en sal Nuestra Alacena de Dia sobre 200 g",
    "precio": "1.99 ",
    "precio_kilo": "9.95 ",
    "imagen": "/product_images/273736/273736_ISO_0_ES.jpg?imwidth=176",
    "enlace": "https://www.dia.es/charcuteria-y-quesos/jamon-cocido-lacon-fiambres-y-mortadela/p/273736"
  },
  {
    "fecha": "2025-04-21",
    "titulo": "Chopped lata Nuestra Alacena de Dia Dia sobre 150 g",
    "precio": "1.59 ",
    "precio_kilo": "10.60 ",
    "imagen": "/product_images/300126/300126_ISO_0_ES.jpg?imwidth=176",
    "enlace": "https://www.dia.es/charcuteria-y-quesos/jamon-cocido-lacon-fiambres-y-mortadela/p/300126"
  },
  {
    "fecha": "2025-04-21",
    "titulo": "Pavo trufado con pistachos Serrano sobre 150 g",
    "precio": "1.79 ",
    "precio_kilo": "11.93 ",
    "imagen": "/product_images/296598/296598_ISO_0_ES.jpg?imwidth=176",
    "enlace": "https://www.dia.es/charcuteria-y-quesos/jamon-cocido-lacon-fiambres-y-mortadela/p/296598"
  },
  {
    "fecha": "2025-04-21",
    "titulo": "Mortadela de pavo Nuestra Alacena de Dia sobre 200 g",
    "precio": "1.75 ",
    "precio_kilo": "8.75 ",
    "imagen": "/product_images/273952/273952_ISO_0_ES.jpg?imwidth=176",
    "enlace": "https://www.dia.es/charcuteria-y-quesos/jamon-cocido-lacon-fiambres-y-mortadela/p/273952"
  },
  {
    "fecha": "2025-04-21",
    "titulo": "Pechuga de pavo braseado Nuestra Alacena de Dia sobre 200 g",
    "precio": "2.45 ",
    "precio_kilo": "12.25 ",
    "imagen": "/product_images/273964/273964_ISO_0_ES.jpg?imwidth=176",
    "enlace": "https://www.dia.es/charcuteria-y-quesos/jamon-cocido-lacon-fiambres-y-mortadela/p/273964"
  },
  {
    "fecha": "2025-04-21",
    "titulo": "Mortadela Nuestra Alacena de Dia 500 g",
    "precio": "1.99 ",
    "precio_kilo": "3.98 ",
    "imagen": "/product_images/274754/274754_ISO_0_ES.jpg?imwidth=176",
    "enlace": "https://www.dia.es/charcuteria-y-quesos/jamon-cocido-lacon-fiambres-y-mortadela/p/274754"
  },
  {
    "fecha": "2025-04-21",
    "titulo": "Mortadela clásica Campofrío sobre 95 g",
    "precio": "1.00 ",
    "precio_kilo": "10.53 ",
    "imagen": "/product_images/148432/148432_ISO_0_ES.jpg?imwidth=176",
    "enlace": "https://www.dia.es/charcuteria-y-quesos/jamon-cocido-lacon-fiambres-y-mortadela/p/148432"
  },
  {
    "fecha": "2025-04-21",
    "titulo": "Jamón asado al horno Bonnatur sobre 100 g",
    "precio": "2.00 ",
    "precio_kilo": "20.00 ",
    "imagen": "/product_images/219690/219690_ISO_0_ES.jpg?imwidth=176",
    "enlace": "https://www.dia.es/charcuteria-y-quesos/jamon-cocido-lacon-fiambres-y-mortadela/p/219690"
  },
  {
    "fecha": "2025-04-21",
    "titulo": "Chopped pork Campofrío sobre 95 g",
    "precio": "1.00 ",
    "precio_kilo": "10.53 ",
    "imagen": "/product_images/148433/148433_ISO_0_ES.jpg?imwidth=176",
    "enlace": "https://www.dia.es/charcuteria-y-quesos/jamon-cocido-lacon-fiambres-y-mortadela/p/148433"
  },
  {
    "fecha": "2025-04-21",
    "titulo": "Pechuga de pavo Campofrío sobre 75 g",
    "precio": "1.00 ",
    "precio_kilo": "13.33 ",
    "imagen": "/product_images/189994/189994_ISO_0_ES.jpg?imwidth=176",
    "enlace": "https://www.dia.es/charcuteria-y-quesos/jamon-cocido-lacon-fiambres-y-mortadela/p/189994"
  },
  {
    "fecha": "2025-04-21",
    "titulo": "Magro de cerdo cocido Nuestra Alacena de Dia lata 200 g",
    "precio": "2.35 ",
    "precio_kilo": "11.75 ",
    "imagen": "/product_images/66118/66118_ISO_0_ES.jpg?imwidth=176",
    "enlace": "https://www.dia.es/charcuteria-y-quesos/jamon-cocido-lacon-fiambres-y-mortadela/p/66118"
  },
  {
    "fecha": "2025-04-21",
    "titulo": "Mortadela ibérica Legado Ibérico bandeja 150 g",
    "precio": "2.00 ",
    "precio_kilo": "13.33 ",
    "imagen": "/product_images/30591/30591_ISO_0_ES.jpg?imwidth=176",
    "enlace": "https://www.dia.es/charcuteria-y-quesos/jamon-cocido-lacon-fiambres-y-mortadela/p/30591"
  },
  {
    "fecha": "2025-04-21",
    "titulo": "Jamón cocido extra 85% carne Nuestra Alacena de Dia sobre 180 g",
    "precio": "1.99 ",
    "precio_kilo": "11.06 ",
    "imagen": "/product_images/305619/305619_ISO_0_ES.jpg?imwidth=176",
    "enlace": "https://www.dia.es/charcuteria-y-quesos/jamon-cocido-lacon-fiambres-y-mortadela/p/305619"
  },
  {
    "fecha": "2025-04-21",
    "titulo": "Pechuga de pavo 92% carne bajo en sal Nuestra Alacena de Dia sobre 120 g",
    "precio": "2.29 ",
    "precio_kilo": "19.08 ",
    "imagen": "/product_images/303748/303748_ISO_0_ES.jpg?imwidth=176",
    "enlace": "https://www.dia.es/charcuteria-y-quesos/jamon-cocido-lacon-fiambres-y-mortadela/p/303748"
  },
  {
    "fecha": "2025-04-21",
    "titulo": "Paleta cocida Nuestra Alacena de Dia sobre 180 g",
    "precio": "1.99 ",
    "precio_kilo": "11.06 ",
    "imagen": "/product_images/303612/303612_ISO_0_ES.jpg?imwidth=176",
    "enlace": "https://www.dia.es/charcuteria-y-quesos/jamon-cocido-lacon-fiambres-y-mortadela/p/303612"
  },
  {
    "fecha": "2025-04-21",
    "titulo": "Pechuga de pollo + proteínas Elpozo Bienstar sobre 130 g",
    "precio": "1.99 ",
    "precio_kilo": "15.31 ",
    "imagen": "/product_images/301986/301986_ISO_0_ES.jpg?imwidth=176",
    "enlace": "https://www.dia.es/charcuteria-y-quesos/jamon-cocido-lacon-fiambres-y-mortadela/p/301986"
  },
  {
    "fecha": "2025-04-21",
    "titulo": "Pechuga de pavo + proteínas Elpozo Bienstar sobre 130 g",
    "precio": "1.99 ",
    "precio_kilo": "15.31 ",
    "imagen": "/product_images/301985/301985_ISO_0_ES.jpg?imwidth=176",
    "enlace": "https://www.dia.es/charcuteria-y-quesos/jamon-cocido-lacon-fiambres-y-mortadela/p/301985"
  },
  {
    "fecha": "2025-04-21",
    "titulo": "Jamón cocido extra reducido en sal Nuestra Alacena de Dia sobre 150 g",
    "precio": "1.99 ",
    "precio_kilo": "13.27 ",
    "imagen": "/product_images/301086/301086_ISO_0_ES.jpg?imwidth=176",
    "enlace": "https://www.dia.es/charcuteria-y-quesos/jamon-cocido-lacon-fiambres-y-mortadela/p/301086"
  },
  {
    "fecha": "2025-04-21",
    "titulo": "Jamón cocido extra Nuestra Alacena de Dia sobre 250 g",
    "precio": "2.25 ",
    "precio_kilo": "9.00 ",
    "imagen": "/product_images/300419/300419_ISO_0_ES.jpg?imwidth=176",
    "enlace": "https://www.dia.es/charcuteria-y-quesos/jamon-cocido-lacon-fiambres-y-mortadela/p/300419"
  },
  {
    "fecha": "2025-04-21",
    "titulo": "Jamón cocido extra braseado  Nuestra Alacena de Dia sobre 150 g",
    "precio": "2.25 ",
    "precio_kilo": "15.00 ",
    "imagen": "/product_images/296230/296230_ISO_0_ES.jpg?imwidth=176",
    "enlace": "https://www.dia.es/charcuteria-y-quesos/jamon-cocido-lacon-fiambres-y-mortadela/p/296230"
  },
  {
    "fecha": "2025-04-21",
    "titulo": "Chopped pork Nuestra Alacena de Dia 500 g",
    "precio": "2.25 ",
    "precio_kilo": "4.50 ",
    "imagen": "/product_images/274755/274755_ISO_0_ES.jpg?imwidth=176",
    "enlace": "https://www.dia.es/charcuteria-y-quesos/jamon-cocido-lacon-fiambres-y-mortadela/p/274755"
  },
  {
    "fecha": "2025-04-21",
    "titulo": "Pechuga de pollo Nuestra Alacena de Dia sobre 200 g",
    "precio": "2.19 ",
    "precio_kilo": "10.95 ",
    "imagen": "/product_images/274104/274104_ISO_0_ES.jpg?imwidth=176",
    "enlace": "https://www.dia.es/charcuteria-y-quesos/jamon-cocido-lacon-fiambres-y-mortadela/p/274104"
  },
  {
    "fecha": "2025-04-21",
    "titulo": "Panceta curada Nuestra Alacena de Dia sobre 150 g",
    "precio": "2.25 ",
    "precio_kilo": "15.00 ",
    "imagen": "/product_images/273962/273962_ISO_0_ES.jpg?imwidth=176",
    "enlace": "https://www.dia.es/charcuteria-y-quesos/jamon-cocido-lacon-fiambres-y-mortadela/p/273962"
  },
  {
    "fecha": "2025-04-21",
    "titulo": "Chopped de pavo Nuestra Alacena de Dia sobre 200 g",
    "precio": "1.79 ",
    "precio_kilo": "8.95 ",
    "imagen": "/product_images/273953/273953_ISO_0_ES.jpg?imwidth=176",
    "enlace": "https://www.dia.es/charcuteria-y-quesos/jamon-cocido-lacon-fiambres-y-mortadela/p/273953"
  },
  {
    "fecha": "2025-04-21",
    "titulo": "Bacon en taco Nuestra Alacena de Dia bolsa 300 g",
    "precio": "3.09 ",
    "precio_kilo": "10.30 ",
    "imagen": "/product_images/273751/273751_ISO_0_ES.jpg?imwidth=176",
    "enlace": "https://www.dia.es/charcuteria-y-quesos/jamon-cocido-lacon-fiambres-y-mortadela/p/273751"
  },
  {
    "fecha": "2025-04-21",
    "titulo": "Lacón en tapas Mrm bandeja 200 g",
    "precio": "4.09 ",
    "precio_kilo": "20.45 ",
    "imagen": "/product_images/207575/207575_ISO_0_ES.jpg?imwidth=176",
    "enlace": "https://www.dia.es/charcuteria-y-quesos/jamon-cocido-lacon-fiambres-y-mortadela/p/207575"
  },
  {
    "fecha": "2025-04-21",
    "titulo": "Jamón cocido Campofrío Finissimas sobre 75 g",
    "precio": "1.00 ",
    "precio_kilo": "13.33 ",
    "imagen": "/product_images/189993/189993_ISO_0_ES.jpg?imwidth=176",
    "enlace": "https://www.dia.es/charcuteria-y-quesos/jamon-cocido-lacon-fiambres-y-mortadela/p/189993"
  },
  {
    "fecha": "2025-04-21",
    "titulo": "Bacón sabor ahumado Oscar Mayer sobre 100 g",
    "precio": "1.50 ",
    "precio_kilo": "15.00 ",
    "imagen": "/product_images/182281/182281_ISO_0_ES.jpg?imwidth=176",
    "enlace": "https://www.dia.es/charcuteria-y-quesos/jamon-cocido-lacon-fiambres-y-mortadela/p/182281"
  },
  {
    "fecha": "2025-04-21",
    "titulo": "Pechuga de pavo Elpozo Bienstar bandeja 75 g",
    "precio": "1.00 ",
    "precio_kilo": "15.38 ",
    "imagen": "/product_images/161324/161324_ISO_0_ES.jpg?imwidth=176",
    "enlace": "https://www.dia.es/charcuteria-y-quesos/jamon-cocido-lacon-fiambres-y-mortadela/p/161324"
  },
  {
    "fecha": "2025-04-21",
    "titulo": "Cerveza lager  Ramblers de Dia lata 24 x 33 cl",
    "precio": "7.44 ",
    "precio_kilo": "0.94 /LITRO",
    "imagen": "/product_images/127641/127641_ISO_0_ES.jpg?imwidth=176",
    "enlace": "https://www.dia.es/cervezas-vinos-y-bebidas-con-alcohol/cervezas/p/127641"
  },
  {
    "fecha": "2025-04-21",
    "titulo": "Cerveza Mahou 5 Estrellas lata 12 x 33 cl",
    "precio": "7.97 ",
    "precio_kilo": "2.01 /LITRO",
    "imagen": "/product_images/6171/6171_ISO_0_ES.jpg?imwidth=176",
    "enlace": "https://www.dia.es/cervezas-vinos-y-bebidas-con-alcohol/cervezas/p/6171"
  },
  {
    "fecha": "2025-04-21",
    "titulo": "Cerveza lager Ramblers de Dia lata 33 cl",
    "precio": "0.32 ",
    "precio_kilo": "0.97 /LITRO",
    "imagen": "/product_images/192/192_ISO_0_ES.jpg?imwidth=176",
    "enlace": "https://www.dia.es/cervezas-vinos-y-bebidas-con-alcohol/cervezas/p/192"
  },
  {
    "fecha": "2025-04-21",
    "titulo": "Cerveza clásica Mahou lata 12 x 33 cl",
    "precio": "6.84 ",
    "precio_kilo": "1.73 /LITRO",
    "imagen": "/product_images/1722/1722_ISO_0_ES.jpg?imwidth=176",
    "enlace": "https://www.dia.es/cervezas-vinos-y-bebidas-con-alcohol/cervezas/p/1722"
  },
  {
    "fecha": "2025-04-21",
    "titulo": "Cerveza lager Ramblers de Dia botella vidrio 1 l",
    "precio": "0.95 ",
    "precio_kilo": "0.95 /LITRO",
    "imagen": "/product_images/5331/5331_ISO_0_ES.jpg?imwidth=176",
    "enlace": "https://www.dia.es/cervezas-vinos-y-bebidas-con-alcohol/cervezas/p/5331"
  },
  {
    "fecha": "2025-04-21",
    "titulo": "Cerveza especial Ramblers de Dia pack 12 x 33 cl",
    "precio": "4.08 ",
    "precio_kilo": "1.03 /LITRO",
    "imagen": "/product_images/36797P12/36797P12_ISO_0_ES.jpg?imwidth=176",
    "enlace": "https://www.dia.es/cervezas-vinos-y-bebidas-con-alcohol/cervezas/p/36797P12"
  },
  {
    "fecha": "2025-04-21",
    "titulo": "Cerveza especial Estrella Galicia lata 33 cl",
    "precio": "0.89 ",
    "precio_kilo": "2.70 /LITRO",
    "imagen": "/product_images/24286/24286_ISO_0_ES.jpg?imwidth=176",
    "enlace": "https://www.dia.es/cervezas-vinos-y-bebidas-con-alcohol/cervezas/p/24286"
  },
  {
    "fecha": "2025-04-21",
    "titulo": "Cerveza lager Ramblers de Dia botella 6 x 25 cl",
    "precio": "1.98 ",
    "precio_kilo": "1.32 /LITRO",
    "imagen": "/product_images/132/132_ISO_0_ES.jpg?imwidth=176",
    "enlace": "https://www.dia.es/cervezas-vinos-y-bebidas-con-alcohol/cervezas/p/132"
  },
  {
    "fecha": "2025-04-21",
    "titulo": "Cerveza lager Ramblers de Dia lata 12 x 33 cl",
    "precio": "3.84 ",
    "precio_kilo": "0.97 /LITRO",
    "imagen": "/product_images/192P12/192P12_ISO_0_ES.jpg?imwidth=176",
    "enlace": "https://www.dia.es/cervezas-vinos-y-bebidas-con-alcohol/cervezas/p/192P12"
  },
  {
    "fecha": "2025-04-21",
    "titulo": "Cerveza lager Ramblers de Dia lata 50 cl",
    "precio": "0.49 ",
    "precio_kilo": "0.98 /LITRO",
    "imagen": "/product_images/20958/20958_ISO_0_ES.jpg?imwidth=176",
    "enlace": "https://www.dia.es/cervezas-vinos-y-bebidas-con-alcohol/cervezas/p/20958"
  },
  {
    "fecha": "2025-04-21",
    "titulo": "Filetes de pechuga de pollo corte fino Selección de Dia bandeja 450 g aprox.",
    "precio": "3.06 ",
    "precio_kilo": "6.79 ",
    "imagen": "/product_images/50844/50844_ISO_0_ES.jpg?imwidth=176",
    "enlace": "https://www.dia.es/carniceria/pollo/p/50844"
  },
  {
    "fecha": "2025-04-21",
    "titulo": "Jamoncitos de pollo familiar Selección de Dia bandeja 950 g aprox.",
    "precio": "3.79 ",
    "precio_kilo": "3.99 ",
    "imagen": "/product_images/4211/4211_ISO_0_ES.jpg?imwidth=176",
    "enlace": "https://www.dia.es/carniceria/pollo/p/4211"
  },
  {
    "fecha": "2025-04-21",
    "titulo": "Longaniza de pollo Selección de Dia bandeja 400 g",
    "precio": "2.99 ",
    "precio_kilo": "7.48 ",
    "imagen": "/product_images/275700/275700_ISO_0_ES.jpg?imwidth=176",
    "enlace": "https://www.dia.es/carniceria/pollo/p/275700"
  },
  {
    "fecha": "2025-04-21",
    "titulo": "Pechugas enteras de pollo Selección de Dia bandeja 600 g aprox.",
    "precio": "4.19 ",
    "precio_kilo": "6.99 ",
    "imagen": "/product_images/17936/17936_ISO_0_ES.jpg?imwidth=176",
    "enlace": "https://www.dia.es/carniceria/pollo/p/17936"
  },
  {
    "fecha": "2025-04-21",
    "titulo": "Alas partidas de pollo Selección de Dia bandeja 550 g aprox.",
    "precio": "3.02 ",
    "precio_kilo": "5.49 ",
    "imagen": "/product_images/261367/261367_ISO_0_ES.jpg?imwidth=176",
    "enlace": "https://www.dia.es/carniceria/pollo/p/261367"
  },
  {
    "fecha": "2025-04-21",
    "titulo": "Pechuga de pollo entera formato familiar Selección de Dia bandeja 1.1 Kg aprox.",
    "precio": "7.03 ",
    "precio_kilo": "6.39 ",
    "imagen": "/product_images/261371/261371_ISO_0_ES.jpg?imwidth=176",
    "enlace": "https://www.dia.es/carniceria/pollo/p/261371"
  },
  {
    "fecha": "2025-04-21",
    "titulo": "Filetes de pechuga de pollo empanada marinada Selección de Dia bandeja 350 g aprox.",
    "precio": "2.80 ",
    "precio_kilo": "7.99 ",
    "imagen": "/product_images/303507/303507_ISO_0_ES.jpg?imwidth=176",
    "enlace": "https://www.dia.es/carniceria/pollo/p/303507"
  },
  {
    "fecha": "2025-04-21",
    "titulo": "Albóndigas de pollo Selección de Dia bandeja 420 g",
    "precio": "3.79 ",
    "precio_kilo": "9.02 ",
    "imagen": "/product_images/297329/297329_ISO_0_ES.jpg?imwidth=176",
    "enlace": "https://www.dia.es/carniceria/pollo/p/297329"
  },
  {
    "fecha": "2025-04-21",
    "titulo": "Cuartos traseros de pollo Selección de Dia bandeja 760 g aprox.",
    "precio": "2.65 ",
    "precio_kilo": "3.49 ",
    "imagen": "/product_images/18036/18036_ISO_0_ES.jpg?imwidth=176",
    "enlace": "https://www.dia.es/carniceria/pollo/p/18036"
  },
  {
    "fecha": "2025-04-21",
    "titulo": "Pollo entero limpio Selección de Dia bandeja 1.9 Kg aprox.",
    "precio": "6.18 ",
    "precio_kilo": "3.25 ",
    "imagen": "/product_images/6423/6423_ISO_0_ES.jpg?imwidth=176",
    "enlace": "https://www.dia.es/carniceria/pollo/p/6423"
  },
  {
    "fecha": "2025-04-21",
    "titulo": "Alas adobadas de pollo Selección de Dia bandeja 450 g aprox.",
    "precio": "2.70 ",
    "precio_kilo": "5.99 ",
    "imagen": "/product_images/303506/303506_ISO_0_ES.jpg?imwidth=176",
    "enlace": "https://www.dia.es/carniceria/pollo/p/303506"
  },
  {
    "fecha": "2025-04-21",
    "titulo": "Filetes de pechuga de pollo Selección de Dia bandeja 550 g aprox.",
    "precio": "4.28 ",
    "precio_kilo": "7.79 ",
    "imagen": "/product_images/21977/21977_ISO_0_ES.jpg?imwidth=176",
    "enlace": "https://www.dia.es/carniceria/pollo/p/21977"
  },
  {
    "fecha": "2025-04-21",
    "titulo": "Filetes de contramuslo de pollo Selección de Dia bandeja 500 g aprox.",
    "precio": "3.65 ",
    "precio_kilo": "7.29 ",
    "imagen": "/product_images/41736/41736_ISO_0_ES.jpg?imwidth=176",
    "enlace": "https://www.dia.es/carniceria/pollo/p/41736"
  },
  {
    "fecha": "2025-04-21",
    "titulo": "Solomillo de pollo empanado Selección de Dia bandeja 600 g aprox.",
    "precio": "5.25 ",
    "precio_kilo": "8.75 ",
    "imagen": "/product_images/266078/266078_ISO_0_ES.jpg?imwidth=176",
    "enlace": "https://www.dia.es/carniceria/pollo/p/266078"
  },
  {
    "fecha": "2025-04-21",
    "titulo": "Medio pollo troceado formato familiar Selección de Dia bandeja 800 g aprox.",
    "precio": "3.35 ",
    "precio_kilo": "4.19 ",
    "imagen": "/product_images/261388/261388_ISO_0_ES.jpg?imwidth=176",
    "enlace": "https://www.dia.es/carniceria/pollo/p/261388"
  },
  {
    "fecha": "2025-04-21",
    "titulo": "Solomillo de pollo Selección de Dia bandeja 400 g aprox.",
    "precio": "3.48 ",
    "precio_kilo": "8.69 ",
    "imagen": "/product_images/261354/261354_ISO_0_ES.jpg?imwidth=176",
    "enlace": "https://www.dia.es/carniceria/pollo/p/261354"
  },
  {
    "fecha": "2025-04-21",
    "titulo": "Filetes de pechuga de pollo a las finas hierbas Selección de Dia bandeja 450 g aprox.",
    "precio": "3.60 ",
    "precio_kilo": "7.99 ",
    "imagen": "/product_images/301043/301043_ISO_0_ES.jpg?imwidth=176",
    "enlace": "https://www.dia.es/carniceria/pollo/p/301043"
  },
  {
    "fecha": "2025-04-21",
    "titulo": "Cuarto trasero de pollo formato familiar Selección de Dia bandeja 1.5 Kg aprox.",
    "precio": "4.94 ",
    "precio_kilo": "3.29 ",
    "imagen": "/product_images/261369/261369_ISO_0_ES.jpg?imwidth=176",
    "enlace": "https://www.dia.es/carniceria/pollo/p/261369"
  },
  {
    "fecha": "2025-04-21",
    "titulo": "Pollo entero para asar Selección de Dia bandeja 2 Kg",
    "precio": "7.99 ",
    "precio_kilo": "4.00 ",
    "imagen": "/product_images/172789/172789_ISO_0_ES.jpg?imwidth=176",
    "enlace": "https://www.dia.es/carniceria/pollo/p/172789"
  },
  {
    "fecha": "2025-04-21",
    "titulo": "Cordon bleu de pollo y pavo Bonchef bandeja 260 g",
    "precio": "2.50 ",
    "precio_kilo": "9.62 ",
    "imagen": "/product_images/305410/305410_ISO_0_ES.jpg?imwidth=176",
    "enlace": "https://www.dia.es/carniceria/pollo/p/305410"
  },
  {
    "fecha": "2025-04-21",
    "titulo": "Pinchos de pollo rojo Selección de Dia bandeja 340 g",
    "precio": "3.79 ",
    "precio_kilo": "11.15 ",
    "imagen": "/product_images/221279/221279_ISO_0_ES.jpg?imwidth=176",
    "enlace": "https://www.dia.es/carniceria/pollo/p/221279"
  }
]